SolutionID,SolutionName,SolutionSummary,SolutionDescription,SecurityPrecautions
1,Observation régulière,"Surveiller attentivement les végétaux pour détecter rapidement tout signe inhabituel.","Inspecter les feuilles (dessus et dessous), les tiges et les fruits à intervalles réguliers, idéalement une à deux fois par semaine. Rechercher les changements de couleur, les taches, les déformations, la présence d'insectes ou d'autres anomalies. Une détection précoce permet d'agir plus efficacement.",
2,Élimination des feuilles et tiges infectées,"Retirer et détruire les parties du végétal montrant des symptômes de maladie pour limiter la propagation.","Utiliser des sécateurs propres et désinfectés pour couper les feuilles, les tiges ou les autres parties affectées. Placer immédiatement les débris végétaux dans un sac poubelle scellé et les jeter (ne pas les composter). Désinfecter à nouveau les outils après utilisation.",
3,Amélioration de la circulation de l'air,"Favoriser un environnement moins propice aux maladies en augmentant l'aération autour des végétaux.","Assurer un espacement suffisant entre les végétaux lors de la plantation pour permettre une bonne circulation de l'air. Éviter une densité excessive de feuillage en taillant légèrement si nécessaire. Privilégier un emplacement bien ventilé pour la culture.",
4,Arrosage adéquat,"Fournir l'eau nécessaire sans créer un environnement humide favorable aux maladies.","Arroser directement au niveau du sol, en évitant de mouiller le feuillage. Privilégier un arrosage moins fréquent mais plus profond plutôt que des arrosages superficiels quotidiens. Le meilleur moment pour arroser est tôt le matin.",
5,Paillage,"Appliquer une couche protectrice sur le sol pour aider à maintenir l'humidité et réduire les éclaboussures.","Étaler une couche de 5 à 10 cm de paillis organique (paille, copeaux de bois, feuilles mortes) autour de la base des végétaux, en laissant un espace libre autour de la tige principale. Le paillis aide à conserver l'humidité du sol, à réduire la croissance des mauvaises herbes et à prévenir les éclaboussures d'eau sur les feuilles lors de l'arrosage ou de la pluie.",
6,Rotation des cultures,"Alterner les types de végétaux cultivés sur une même parcelle pour réduire l'accumulation de pathogènes spécifiques dans le sol.","Éviter de cultiver des végétaux de la même famille (dans ce cas, les Solanacées) au même endroit pendant au moins 3 à 4 ans. Alterner avec des familles de végétaux différentes pour briser le cycle de vie des maladies et des ravageurs spécifiques.",
7,Utilisation de variétés résistantes,"Choisir des types de végétaux moins susceptibles de développer certaines maladies.","Lors de la sélection des semences ou des plants, privilégier les variétés connues pour leur résistance aux maladies courantes dans votre région. Cette information est souvent indiquée sur les emballages ou dans les descriptions des variétés.",
8,Application de fongicide,"Utiliser un produit spécifique pour contrôler les maladies fongiques.","Choisir un fongicide adapté à la maladie identifiée et suivre attentivement les instructions du fabricant concernant la dilution, la fréquence et le mode d'application (pulvérisation sur les feuilles, le sol, etc.). Il est souvent préférable d'appliquer le fongicide tôt le matin ou en fin de journée pour éviter une évaporation rapide et réduire le risque de brûlures sur le feuillage. Porter des gants et éventuellement des lunettes de protection lors de l'application.","Porter des gants et éventuellement des lunettes de protection."
9,Utilisation d'insecticide,"Appliquer un produit spécifique pour éliminer les insectes nuisibles.","Sélectionner un insecticide approprié au type d'insecte ravageur présent et suivre scrupuleusement les instructions du fabricant pour la dilution, la fréquence et la méthode d'application (pulvérisation sur les feuilles, le sol, etc.). Il est conseillé d'appliquer l'insecticide tôt le matin ou en fin de journée pour minimiser l'impact sur les insectes pollinisateurs. Porter des gants et éventuellement un masque et des lunettes de protection lors de l'application.","Porter des gants, un masque et éventuellement des lunettes de protection."
10,Pièges collants jaunes,"Utiliser des dispositifs adhésifs pour capturer certains insectes volants.","Placer des pièges collants jaunes à proximité des végétaux, soit en les suspendant aux branches, soit en les fixant sur des tuteurs. Les insectes volants, attirés par la couleur jaune, se retrouveront piégés sur la surface adhésive. Remplacer les pièges lorsqu'ils sont saturés d'insectes.",
11,Fertilisation équilibrée,"Apporter les éléments nutritifs nécessaires à une croissance saine du végétal.","Utiliser un engrais spécialement formulé pour les légumes, en respectant les doses et la fréquence recommandées sur l'emballage. Un apport équilibré en azote, phosphore et potassium est essentiel pour une croissance vigoureuse et une bonne production. Épandre l'engrais uniformément autour de la base du végétal et l'incorporer légèrement au sol, suivi d'un arrosage.",
12,Analyse du sol,"Effectuer un test pour connaître la composition du sol et identifier d'éventuelles carences.","Prélever des échantillons de sol à différentes profondeurs et à plusieurs endroits autour de la zone de culture. Envoyer ces échantillons à un laboratoire d'analyse de sol en suivant leurs instructions spécifiques. Les résultats de l'analyse indiqueront les niveaux de pH et de nutriments présents, permettant d'adapter la fertilisation de manière ciblée.",
13,Greffage,"Combiner les avantages de deux types de végétaux en un seul.","Cette technique consiste à unir une partie d'un végétal (le greffon, choisi pour ses fruits) sur les racines d'un autre (le porte-greffe, choisi pour sa résistance aux maladies du sol). Le greffage est une technique délicate qui nécessite des compétences spécifiques et du matériel adapté (lames de greffage, ruban de greffage). Il est souvent réalisé par des professionnels ou des jardiniers expérimentés.",
14,Désinfection des outils,"Nettoyer soigneusement le matériel de jardinage pour éviter la transmission de maladies entre les végétaux.","Après chaque utilisation, nettoyer les outils de jardinage (sécateurs, ciseaux, pelles, etc.) en les lavant à l'eau savonneuse pour éliminer la terre et les débris végétaux. Désinfecter ensuite les lames avec de l'alcool à friction ou une solution d'eau de Javel diluée (1 part d'eau de Javel pour 9 parts d'eau). Rincer et sécher soigneusement les outils avant de les ranger.",
15,Lutte biologique,"Introduire des organismes vivants bénéfiques pour contrôler les populations de ravageurs.","Identifier le ravageur spécifique présent sur les végétaux et rechercher les organismes de lutte biologique appropriés (par exemple, des coccinelles pour les pucerons, des nématodes pour les larves de certains insectes). Commander ces organismes auprès de fournisseurs spécialisés et suivre attentivement leurs instructions pour l'introduction et le maintien de ces auxiliaires dans votre jardin.",
16,Buttage régulier,"Remonter la terre autour de la base des tiges pour favoriser le développement des tubercules et protéger contre certaines maladies.","Lorsque les plants atteignent environ 15-20 cm de hauteur, ramener délicatement la terre autour de la base des tiges, en formant une petite butte. Répéter l'opération plusieurs fois au cours de la saison de croissance. Le buttage protège les tubercules de la lumière (ce qui les rendrait verts et toxiques) et peut aider à prévenir certaines maladies du sol.",
17,Éviter l'excès d'humidité du sol,"Assurer un bon drainage pour prévenir les conditions favorables au développement des maladies.","Choisir un emplacement avec un bon drainage pour la plantation des patates. Si le sol est lourd et retient l'eau, l'amender avec du compost ou d'autres matières organiques pour améliorer le drainage. Éviter les arrosages excessifs qui pourraient saturer le sol en eau.",
18,Gestion des résidus de culture,"Éliminer les débris végétaux infectés pour réduire la source d'inoculum des maladies.","Après la récolte, enfouir profondément ou brûler les résidus de culture de maïs (tiges, feuilles, épis) pour réduire la quantité de spores fongiques ou de virus qui pourraient survivre et infecter les cultures suivantes. Le compostage peut également être une option si la température atteint des niveaux suffisamment élevés pour tuer les agents pathogènes.",